--------------------------------------------------------
-- Archivo creado  - lunes-diciembre-04-2017   
--------------------------------------------------------
--------------------------------------------------------
--  DDL for Table CAMBIOS_ALTOS_CARGOS
--------------------------------------------------------

  CREATE TABLE "HR"."CAMBIOS_ALTOS_CARGOS" 
   (	"CAMBIOS_ALTOSCARGOSID" CHAR(4 BYTE), 
	"CARGO" VARCHAR2(50 BYTE), 
	"FUNCIONARIO_SALIENTE" CHAR(4 BYTE), 
	"FUNCIONARIO_ENTRANTE" CHAR(4 BYTE)
   ) SEGMENT CREATION IMMEDIATE 
  PCTFREE 10 PCTUSED 40 INITRANS 1 MAXTRANS 255 NOCOMPRESS LOGGING
  STORAGE(INITIAL 65536 NEXT 1048576 MINEXTENTS 1 MAXEXTENTS 2147483645
  PCTINCREASE 0 FREELISTS 1 FREELIST GROUPS 1 BUFFER_POOL DEFAULT FLASH_CACHE DEFAULT CELL_FLASH_CACHE DEFAULT)
  TABLESPACE "USERS" ;
--------------------------------------------------------
--  DDL for Table CAPTURA_INTERNACIONAL
--------------------------------------------------------

  CREATE TABLE "HR"."CAPTURA_INTERNACIONAL" 
   (	"CAPTURA_INTERNACIONALID" CHAR(4 BYTE), 
	"PERSONAID" CHAR(4 BYTE), 
	"SENTENCIAID" CHAR(4 BYTE), 
	"OCUPACION" VARCHAR2(90 BYTE)
   ) SEGMENT CREATION IMMEDIATE 
  PCTFREE 10 PCTUSED 40 INITRANS 1 MAXTRANS 255 NOCOMPRESS LOGGING
  STORAGE(INITIAL 65536 NEXT 1048576 MINEXTENTS 1 MAXEXTENTS 2147483645
  PCTINCREASE 0 FREELISTS 1 FREELIST GROUPS 1 BUFFER_POOL DEFAULT FLASH_CACHE DEFAULT CELL_FLASH_CACHE DEFAULT)
  TABLESPACE "USERS" ;
--------------------------------------------------------
--  DDL for Table PERSONAS
--------------------------------------------------------

  CREATE TABLE "HR"."PERSONAS" 
   (	"PERSONASID" CHAR(4 BYTE), 
	"NOMBRE" VARCHAR2(30 BYTE), 
	"APELLIDO" VARCHAR2(30 BYTE), 
	"NACIONALIDAD" VARCHAR2(30 BYTE)
   ) SEGMENT CREATION IMMEDIATE 
  PCTFREE 10 PCTUSED 40 INITRANS 1 MAXTRANS 255 NOCOMPRESS LOGGING
  STORAGE(INITIAL 65536 NEXT 1048576 MINEXTENTS 1 MAXEXTENTS 2147483645
  PCTINCREASE 0 FREELISTS 1 FREELIST GROUPS 1 BUFFER_POOL DEFAULT FLASH_CACHE DEFAULT CELL_FLASH_CACHE DEFAULT)
  TABLESPACE "USERS" ;
--------------------------------------------------------
--  DDL for Table PERSONAS_ARRESTADAS
--------------------------------------------------------

  CREATE TABLE "HR"."PERSONAS_ARRESTADAS" 
   (	"PERSONAS_ARRESTADASID" CHAR(4 BYTE), 
	"PERSONAID" CHAR(4 BYTE), 
	"SENTENCIAID" CHAR(4 BYTE), 
	"OCUPACION" VARCHAR2(150 BYTE)
   ) SEGMENT CREATION IMMEDIATE 
  PCTFREE 10 PCTUSED 40 INITRANS 1 MAXTRANS 255 NOCOMPRESS LOGGING
  STORAGE(INITIAL 65536 NEXT 1048576 MINEXTENTS 1 MAXEXTENTS 2147483645
  PCTINCREASE 0 FREELISTS 1 FREELIST GROUPS 1 BUFFER_POOL DEFAULT FLASH_CACHE DEFAULT CELL_FLASH_CACHE DEFAULT)
  TABLESPACE "USERS" ;
--------------------------------------------------------
--  DDL for Table PERSONAS_SUSPENDIDAS
--------------------------------------------------------

  CREATE TABLE "HR"."PERSONAS_SUSPENDIDAS" 
   (	"PERSONAS_SUSPENDIDASID" CHAR(4 BYTE), 
	"PERSONAID" CHAR(4 BYTE), 
	"OCUPACION" VARCHAR2(50 BYTE), 
	"FECHA" DATE
   ) SEGMENT CREATION IMMEDIATE 
  PCTFREE 10 PCTUSED 40 INITRANS 1 MAXTRANS 255 NOCOMPRESS LOGGING
  STORAGE(INITIAL 65536 NEXT 1048576 MINEXTENTS 1 MAXEXTENTS 2147483645
  PCTINCREASE 0 FREELISTS 1 FREELIST GROUPS 1 BUFFER_POOL DEFAULT FLASH_CACHE DEFAULT CELL_FLASH_CACHE DEFAULT)
  TABLESPACE "USERS" ;
--------------------------------------------------------
--  DDL for Table SENTENCIA
--------------------------------------------------------

  CREATE TABLE "HR"."SENTENCIA" 
   (	"SENTENCIAID" CHAR(4 BYTE), 
	"PERSONAID" CHAR(4 BYTE), 
	"TIPO_SENTENCIA" VARCHAR2(40 BYTE) DEFAULT 'N/A'
   ) SEGMENT CREATION IMMEDIATE 
  PCTFREE 10 PCTUSED 40 INITRANS 1 MAXTRANS 255 NOCOMPRESS LOGGING
  STORAGE(INITIAL 65536 NEXT 1048576 MINEXTENTS 1 MAXEXTENTS 2147483645
  PCTINCREASE 0 FREELISTS 1 FREELIST GROUPS 1 BUFFER_POOL DEFAULT FLASH_CACHE DEFAULT CELL_FLASH_CACHE DEFAULT)
  TABLESPACE "USERS" ;
REM INSERTING into HR.CAMBIOS_ALTOS_CARGOS
SET DEFINE OFF;
Insert into HR.CAMBIOS_ALTOS_CARGOS (CAMBIOS_ALTOSCARGOSID,CARGO,FUNCIONARIO_SALIENTE,FUNCIONARIO_ENTRANTE) values ('C001','Presidente de la FIFA','P037','P042');
Insert into HR.CAMBIOS_ALTOS_CARGOS (CAMBIOS_ALTOSCARGOSID,CARGO,FUNCIONARIO_SALIENTE,FUNCIONARIO_ENTRANTE) values ('C002','Presidente de la UEFA','P038','P043');
Insert into HR.CAMBIOS_ALTOS_CARGOS (CAMBIOS_ALTOSCARGOSID,CARGO,FUNCIONARIO_SALIENTE,FUNCIONARIO_ENTRANTE) values ('C003','Secretario General de la FIFA','P039','P045');
Insert into HR.CAMBIOS_ALTOS_CARGOS (CAMBIOS_ALTOSCARGOSID,CARGO,FUNCIONARIO_SALIENTE,FUNCIONARIO_ENTRANTE) values ('C004','Presidente de la Concacaf','P001','P009');
Insert into HR.CAMBIOS_ALTOS_CARGOS (CAMBIOS_ALTOSCARGOSID,CARGO,FUNCIONARIO_SALIENTE,FUNCIONARIO_ENTRANTE) values ('C005','Presidente de la CONMEBOL','P010','P054');
REM INSERTING into HR.CAPTURA_INTERNACIONAL
SET DEFINE OFF;
Insert into HR.CAPTURA_INTERNACIONAL (CAPTURA_INTERNACIONALID,PERSONAID,SENTENCIAID,OCUPACION) values ('CI01','P027','S027','Ex Presidente del Quilmes Atlético Club y ex Secretario General de la CONMEBOL');
Insert into HR.CAPTURA_INTERNACIONAL (CAPTURA_INTERNACIONALID,PERSONAID,SENTENCIAID,OCUPACION) values ('CI02','P028','S028','Ex representante de la AFA en la CONMEBOL');
Insert into HR.CAPTURA_INTERNACIONAL (CAPTURA_INTERNACIONALID,PERSONAID,SENTENCIAID,OCUPACION) values ('CI04','P030','S030','Ex presidente de la Federación Nacional Autónoma de Fútbol de Honduras');
Insert into HR.CAPTURA_INTERNACIONAL (CAPTURA_INTERNACIONALID,PERSONAID,SENTENCIAID,OCUPACION) values ('CI05','P031','S031','Presidente de la Confederación Brasileña de Fútbol');
Insert into HR.CAPTURA_INTERNACIONAL (CAPTURA_INTERNACIONALID,PERSONAID,SENTENCIAID,OCUPACION) values ('CI06','P032','S032','Ex presidente de la Confederación Brasileña de Fútbol');
Insert into HR.CAPTURA_INTERNACIONAL (CAPTURA_INTERNACIONALID,PERSONAID,SENTENCIAID,OCUPACION) values ('CI07','P033','S033','Presidente de la Federación Boliviana de Fútbol');
Insert into HR.CAPTURA_INTERNACIONAL (CAPTURA_INTERNACIONALID,PERSONAID,SENTENCIAID,OCUPACION) values ('CI08','P034','S034','Ex presidente de la comisión normalizadora de la Federación Salvadoreña de Fútbol');
Insert into HR.CAPTURA_INTERNACIONAL (CAPTURA_INTERNACIONALID,PERSONAID,SENTENCIAID,OCUPACION) values ('CI09','P035','S035','Ex presidente de la Federación Peruana de Fútbol');
Insert into HR.CAPTURA_INTERNACIONAL (CAPTURA_INTERNACIONALID,PERSONAID,SENTENCIAID,OCUPACION) values ('CI10','P036','S036','Ex Vicepresidente de la Comisión de Asuntos Legales de la FIFA');
REM INSERTING into HR.PERSONAS
SET DEFINE OFF;
Insert into HR.PERSONAS (PERSONASID,NOMBRE,APELLIDO,NACIONALIDAD) values ('P001','Jeffrey','Webb','Islas Caimán');
Insert into HR.PERSONAS (PERSONASID,NOMBRE,APELLIDO,NACIONALIDAD) values ('P002','Eduardo','Li','Costa Rica');
Insert into HR.PERSONAS (PERSONASID,NOMBRE,APELLIDO,NACIONALIDAD) values ('P003','Julio','Rocha','Nicaragua');
Insert into HR.PERSONAS (PERSONASID,NOMBRE,APELLIDO,NACIONALIDAD) values ('P004','Costas','Takkas','Islas Caimán');
Insert into HR.PERSONAS (PERSONASID,NOMBRE,APELLIDO,NACIONALIDAD) values ('P005','Jack','Warner','Trinidad y Tobago');
Insert into HR.PERSONAS (PERSONASID,NOMBRE,APELLIDO,NACIONALIDAD) values ('P006','Eugenio','Figueredo','Uruguay');
Insert into HR.PERSONAS (PERSONASID,NOMBRE,APELLIDO,NACIONALIDAD) values ('P007','Rafael','Esquivel','Venezuela');
Insert into HR.PERSONAS (PERSONASID,NOMBRE,APELLIDO,NACIONALIDAD) values ('P008','Nicolás','Leoz','Paraguay');
Insert into HR.PERSONAS (PERSONASID,NOMBRE,APELLIDO,NACIONALIDAD) values ('P009','Alfredo','Hawit','Honduras');
Insert into HR.PERSONAS (PERSONASID,NOMBRE,APELLIDO,NACIONALIDAD) values ('P010','Juan Ángel','Napout','Paraguay');
Insert into HR.PERSONAS (PERSONASID,NOMBRE,APELLIDO,NACIONALIDAD) values ('P011','Brayan','Jiménez','Guatemala');
Insert into HR.PERSONAS (PERSONASID,NOMBRE,APELLIDO,NACIONALIDAD) values ('P012','Héctor','Trujillo','Guatemala');
Insert into HR.PERSONAS (PERSONASID,NOMBRE,APELLIDO,NACIONALIDAD) values ('P013','Alejandro','Burzaco','Argentina');
Insert into HR.PERSONAS (PERSONASID,NOMBRE,APELLIDO,NACIONALIDAD) values ('P014','José','Margulies','Brasil');
Insert into HR.PERSONAS (PERSONASID,NOMBRE,APELLIDO,NACIONALIDAD) values ('P015','Aaron','Davidson','Estados Unidos');
Insert into HR.PERSONAS (PERSONASID,NOMBRE,APELLIDO,NACIONALIDAD) values ('P016','Chuck','Blazer','Estados Unidos');
Insert into HR.PERSONAS (PERSONASID,NOMBRE,APELLIDO,NACIONALIDAD) values ('P017','José','Hawilla','Brasil');
Insert into HR.PERSONAS (PERSONASID,NOMBRE,APELLIDO,NACIONALIDAD) values ('P018','Daryll','Warner','Trinidad y Tobago');
Insert into HR.PERSONAS (PERSONASID,NOMBRE,APELLIDO,NACIONALIDAD) values ('P019','Daryan','Warner','Trinidad y Tobago');
Insert into HR.PERSONAS (PERSONASID,NOMBRE,APELLIDO,NACIONALIDAD) values ('P020','Hugo','Jinkis','Argentina');
Insert into HR.PERSONAS (PERSONASID,NOMBRE,APELLIDO,NACIONALIDAD) values ('P021','Luis','Chiriboga Acosta','Ecuador');
Insert into HR.PERSONAS (PERSONASID,NOMBRE,APELLIDO,NACIONALIDAD) values ('P022','Mariano','Jinkis','Argentina');
Insert into HR.PERSONAS (PERSONASID,NOMBRE,APELLIDO,NACIONALIDAD) values ('P023','José Maria','Marin','Brazil');
Insert into HR.PERSONAS (PERSONASID,NOMBRE,APELLIDO,NACIONALIDAD) values ('P024','Carlos Alberto','Chávez Landivar','Bolivia');
Insert into HR.PERSONAS (PERSONASID,NOMBRE,APELLIDO,NACIONALIDAD) values ('P025','Luis','Bedoya','Colombia');
Insert into HR.PERSONAS (PERSONASID,NOMBRE,APELLIDO,NACIONALIDAD) values ('P026','Sergio','Jadue','Chile');
Insert into HR.PERSONAS (PERSONASID,NOMBRE,APELLIDO,NACIONALIDAD) values ('P027','José Luis','Meiszner','Argentina');
Insert into HR.PERSONAS (PERSONASID,NOMBRE,APELLIDO,NACIONALIDAD) values ('P028','Eduardo','Deluca','Argentina');
Insert into HR.PERSONAS (PERSONASID,NOMBRE,APELLIDO,NACIONALIDAD) values ('P029','Ariel','Alvarado','Panamá');
Insert into HR.PERSONAS (PERSONASID,NOMBRE,APELLIDO,NACIONALIDAD) values ('P030','Rafael','Callejas','Honduras');
Insert into HR.PERSONAS (PERSONASID,NOMBRE,APELLIDO,NACIONALIDAD) values ('P031','Marco','Polo del Norte','Brasil');
Insert into HR.PERSONAS (PERSONASID,NOMBRE,APELLIDO,NACIONALIDAD) values ('P032','Ricardo','Teixeira','Brasil');
Insert into HR.PERSONAS (PERSONASID,NOMBRE,APELLIDO,NACIONALIDAD) values ('P033','Romer','Osuna','Bolivia');
Insert into HR.PERSONAS (PERSONASID,NOMBRE,APELLIDO,NACIONALIDAD) values ('P034','Reynaldo','Vásquez','El Salvador');
Insert into HR.PERSONAS (PERSONASID,NOMBRE,APELLIDO,NACIONALIDAD) values ('P035','Manuel','Burga','Perú');
Insert into HR.PERSONAS (PERSONASID,NOMBRE,APELLIDO,NACIONALIDAD) values ('P036','Rafael','Salguero','Guatemala');
Insert into HR.PERSONAS (PERSONASID,NOMBRE,APELLIDO,NACIONALIDAD) values ('P037','Joseph','Blatter','Suiza');
Insert into HR.PERSONAS (PERSONASID,NOMBRE,APELLIDO,NACIONALIDAD) values ('P038','Michael','Platini','Francia');
Insert into HR.PERSONAS (PERSONASID,NOMBRE,APELLIDO,NACIONALIDAD) values ('P039','Jérome','Valcke','Francia');
Insert into HR.PERSONAS (PERSONASID,NOMBRE,APELLIDO,NACIONALIDAD) values ('P040','Chung','Mong joon','Corea del Sur');
Insert into HR.PERSONAS (PERSONASID,NOMBRE,APELLIDO,NACIONALIDAD) values ('P041','Gianni','Infantino','Italia');
Insert into HR.PERSONAS (PERSONASID,NOMBRE,APELLIDO,NACIONALIDAD) values ('P042','Issa','Hayatou','Camerún');
Insert into HR.PERSONAS (PERSONASID,NOMBRE,APELLIDO,NACIONALIDAD) values ('P043','Ángel María','Villar','España');
Insert into HR.PERSONAS (PERSONASID,NOMBRE,APELLIDO,NACIONALIDAD) values ('P044','Aleksander','Ceferin','Eslovenia');
Insert into HR.PERSONAS (PERSONASID,NOMBRE,APELLIDO,NACIONALIDAD) values ('P045','Markus','Kattner','Suiza');
Insert into HR.PERSONAS (PERSONASID,NOMBRE,APELLIDO,NACIONALIDAD) values ('P046','Justino','Compeán','México');
Insert into HR.PERSONAS (PERSONASID,NOMBRE,APELLIDO,NACIONALIDAD) values ('P047','Horace','Burrell','Jamaica');
Insert into HR.PERSONAS (PERSONASID,NOMBRE,APELLIDO,NACIONALIDAD) values ('P048','Sunil','Gulati','Estados Unidos');
Insert into HR.PERSONAS (PERSONASID,NOMBRE,APELLIDO,NACIONALIDAD) values ('P049','Pedro','Chaluja','Panamá');
Insert into HR.PERSONAS (PERSONASID,NOMBRE,APELLIDO,NACIONALIDAD) values ('P050','Luis','Hernández','México');
Insert into HR.PERSONAS (PERSONASID,NOMBRE,APELLIDO,NACIONALIDAD) values ('P051','Victor','Montagliani','Canadá');
Insert into HR.PERSONAS (PERSONASID,NOMBRE,APELLIDO,NACIONALIDAD) values ('P052','Sonia','Bien Aime','Islas Turcas y Caicos');
Insert into HR.PERSONAS (PERSONASID,NOMBRE,APELLIDO,NACIONALIDAD) values ('P053','Víctor','Montagliani','Canadá');
Insert into HR.PERSONAS (PERSONASID,NOMBRE,APELLIDO,NACIONALIDAD) values ('P054','Wilmar','Valdez','Uruguay');
Insert into HR.PERSONAS (PERSONASID,NOMBRE,APELLIDO,NACIONALIDAD) values ('P055','Alejandro','Domínguez','Paraguay');
REM INSERTING into HR.PERSONAS_ARRESTADAS
SET DEFINE OFF;
Insert into HR.PERSONAS_ARRESTADAS (PERSONAS_ARRESTADASID,PERSONAID,SENTENCIAID,OCUPACION) values ('PA01','P001','S001','Vicepresidente interino de la FIFA y miembro del Comité Ejecutivo, presidente de la CONCACAF');
Insert into HR.PERSONAS_ARRESTADAS (PERSONAS_ARRESTADASID,PERSONAID,SENTENCIAID,OCUPACION) values ('PA02','P002','S002','Miembro del Comité Ejecutivo de la FIFA, miembro del Comité Ejecutivo de la CONCACAF y presidente de la Federación Costarricense de Fútbol');
Insert into HR.PERSONAS_ARRESTADAS (PERSONAS_ARRESTADASID,PERSONAID,SENTENCIAID,OCUPACION) values ('PA03','P003','S004','Oficial de Desarrollo de la FIFA, ex presidente de la Unión Centroamericana de Fútbol y presidente de la Federación Nicaragüense de Fútbol');
Insert into HR.PERSONAS_ARRESTADAS (PERSONAS_ARRESTADASID,PERSONAID,SENTENCIAID,OCUPACION) values ('PA04','P004','S004','Asesor del presidente de la CONCACAF y ex secretario general de la Federación de Fútbol de las Islas Caimán');
Insert into HR.PERSONAS_ARRESTADAS (PERSONAS_ARRESTADASID,PERSONAID,SENTENCIAID,OCUPACION) values ('PA05','P005','S005','Ex vicepresidente y miembro del Comité Ejecutivo de la FIFA, presidente de la CONCACAF, presidente de la Unión del Fútbol Caribeño');
Insert into HR.PERSONAS_ARRESTADAS (PERSONAS_ARRESTADASID,PERSONAID,SENTENCIAID,OCUPACION) values ('PA06','P006','S006','Vicepresidente y miembro del Comité Ejecutivo de la FIFA, ex presidente de la CONMEBOL y la Asociación Uruguaya de Fútbol');
Insert into HR.PERSONAS_ARRESTADAS (PERSONAS_ARRESTADASID,PERSONAID,SENTENCIAID,OCUPACION) values ('PA07','P007','S007','Miembro del Comité Ejecutivo de la CONMEBOL y presidente de la Federación Venezolana de Fútbol');
Insert into HR.PERSONAS_ARRESTADAS (PERSONAS_ARRESTADASID,PERSONAID,SENTENCIAID,OCUPACION) values ('PA08','P008','S008','Ex miembro del Comité Ejecutivo de la FIFA y ex presidente de la CONMEBOL');
Insert into HR.PERSONAS_ARRESTADAS (PERSONAS_ARRESTADASID,PERSONAID,SENTENCIAID,OCUPACION) values ('PA09','P009','S009','Presidente de la Federación Nacional Autónoma de Fútbol de Honduras, Vicepresidente de la FIFA y Presidente Interino de la Concacaf');
Insert into HR.PERSONAS_ARRESTADAS (PERSONAS_ARRESTADASID,PERSONAID,SENTENCIAID,OCUPACION) values ('PA10','P010','S010','Presidente de la CONMEBOL y vicepresidente 1º de la FIFA');
Insert into HR.PERSONAS_ARRESTADAS (PERSONAS_ARRESTADASID,PERSONAID,SENTENCIAID,OCUPACION) values ('PA11','P011','S011','Presidente de la Federación Nacional de Fútbol de Guatemala');
Insert into HR.PERSONAS_ARRESTADAS (PERSONAS_ARRESTADASID,PERSONAID,SENTENCIAID,OCUPACION) values ('PA12','P012','S012','Secretario del Comité Ejecutivo de la Federación Nacional de Fútbol de Guatemala');
Insert into HR.PERSONAS_ARRESTADAS (PERSONAS_ARRESTADASID,PERSONAID,SENTENCIAID,OCUPACION) values ('PA13','P013','S013','Ex accionista y CEO de Torneos y Competencias SA');
Insert into HR.PERSONAS_ARRESTADAS (PERSONAS_ARRESTADASID,PERSONAID,SENTENCIAID,OCUPACION) values ('PA14','P014','S014','Dueño de Valente Corp. y Somerton Ltd');
Insert into HR.PERSONAS_ARRESTADAS (PERSONAS_ARRESTADASID,PERSONAID,SENTENCIAID,OCUPACION) values ('PA15','P015','S015','Presidente de Traffic Sports USA Inc');
Insert into HR.PERSONAS_ARRESTADAS (PERSONAS_ARRESTADASID,PERSONAID,SENTENCIAID,OCUPACION) values ('PA16','P016','S016','Ex secretario general de la CONCACAF y ex miembro del comité ejecutivo de la FIFA');
Insert into HR.PERSONAS_ARRESTADAS (PERSONAS_ARRESTADASID,PERSONAID,SENTENCIAID,OCUPACION) values ('PA17','P017','S017','Abogado, periodista y empresario brasileño y dueño de Traffic Group');
Insert into HR.PERSONAS_ARRESTADAS (PERSONAS_ARRESTADASID,PERSONAID,SENTENCIAID,OCUPACION) values ('PA18','P018','S018','Ex oficial de Desarrollo de la FIFA');
Insert into HR.PERSONAS_ARRESTADAS (PERSONAS_ARRESTADASID,PERSONAID,SENTENCIAID,OCUPACION) values ('PA19','P019','S019','Hermano implicado de Daryll Warner');
Insert into HR.PERSONAS_ARRESTADAS (PERSONAS_ARRESTADASID,PERSONAID,SENTENCIAID,OCUPACION) values ('PA20','P020','S020','Directivo de la empresa de marketing deportivo Full Play Group SA');
Insert into HR.PERSONAS_ARRESTADAS (PERSONAS_ARRESTADASID,PERSONAID,SENTENCIAID,OCUPACION) values ('PA21','P021','S021','Presidente de la Federación Ecuatoriana de Fútbol');
Insert into HR.PERSONAS_ARRESTADAS (PERSONAS_ARRESTADASID,PERSONAID,SENTENCIAID,OCUPACION) values ('PA22','P022','S022','Empresa de marketing deportivo Full Play Group SA');
Insert into HR.PERSONAS_ARRESTADAS (PERSONAS_ARRESTADASID,PERSONAID,SENTENCIAID,OCUPACION) values ('PA23','P023','S023','Miembro del Comité de Organización para los torneos de fútbol olímpicos de la FIFA y ex presidente de la Confederación Brasileña de Fútbol');
Insert into HR.PERSONAS_ARRESTADAS (PERSONAS_ARRESTADASID,PERSONAID,SENTENCIAID,OCUPACION) values ('PA24','P024','S024','Presidente de la Federación Boliviana de Fútbol y ex-tesorero de la CONMEBOL');
Insert into HR.PERSONAS_ARRESTADAS (PERSONAS_ARRESTADASID,PERSONAID,SENTENCIAID,OCUPACION) values ('PA25','P025','S025','Expresidente de la Federación Colombiana de Fútbol y exmiembro del comité ejecutivo de la FIFA');
Insert into HR.PERSONAS_ARRESTADAS (PERSONAS_ARRESTADASID,PERSONAID,SENTENCIAID,OCUPACION) values ('PA26','P026','S026','Expresidente de la ANFP y exvicepresidente de la CONMEBOL');
REM INSERTING into HR.PERSONAS_SUSPENDIDAS
SET DEFINE OFF;
Insert into HR.PERSONAS_SUSPENDIDAS (PERSONAS_SUSPENDIDASID,PERSONAID,OCUPACION,FECHA) values ('PS01','P037','Presidente de la FIFA',to_date('20/12/2015','DD/MM/RRRR'));
Insert into HR.PERSONAS_SUSPENDIDAS (PERSONAS_SUSPENDIDASID,PERSONAID,OCUPACION,FECHA) values ('PS02','P038','Presidente de la UEFA',to_date('20/12/2015','DD/MM/RRRR'));
Insert into HR.PERSONAS_SUSPENDIDAS (PERSONAS_SUSPENDIDASID,PERSONAID,OCUPACION,FECHA) values ('PS03','P016','Ex secretario general de la CONCACAF',to_date('09/07/2015','DD/MM/RRRR'));
Insert into HR.PERSONAS_SUSPENDIDAS (PERSONAS_SUSPENDIDASID,PERSONAID,OCUPACION,FECHA) values ('PS04','P039','Secretario general de la FIFA',to_date('17/09/2015','DD/MM/RRRR'));
Insert into HR.PERSONAS_SUSPENDIDAS (PERSONAS_SUSPENDIDASID,PERSONAID,OCUPACION,FECHA) values ('PS05','P005','Ex vicipresidente del comité ejecutivo de la FIFA',to_date('29/09/2015','DD/MM/RRRR'));
Insert into HR.PERSONAS_SUSPENDIDAS (PERSONAS_SUSPENDIDASID,PERSONAID,OCUPACION,FECHA) values ('PS06','P040','Vicipresidente de la FIFA',to_date('08/10/2015','DD/MM/RRRR'));
Insert into HR.PERSONAS_SUSPENDIDAS (PERSONAS_SUSPENDIDASID,PERSONAID,OCUPACION,FECHA) values ('PS07','P010','Vicipresidente de la primera FIFA',to_date('04/12/2015','DD/MM/RRRR'));
Insert into HR.PERSONAS_SUSPENDIDAS (PERSONAS_SUSPENDIDASID,PERSONAID,OCUPACION,FECHA) values ('PS08','P009','Vicipresidente de la FIFA',to_date('04/12/2015','DD/MM/RRRR'));
Insert into HR.PERSONAS_SUSPENDIDAS (PERSONAS_SUSPENDIDASID,PERSONAID,OCUPACION,FECHA) values ('PS09','P026','Cargo en la presidencia en la ANFP',to_date('06/06/2015','DD/MM/RRRR'));
REM INSERTING into HR.SENTENCIA
SET DEFINE OFF;
Insert into HR.SENTENCIA (SENTENCIAID,PERSONAID,TIPO_SENTENCIA) values ('S001','P001','Libertad bajo fianza');
Insert into HR.SENTENCIA (SENTENCIAID,PERSONAID,TIPO_SENTENCIA) values ('S002','P002','Arrestado');
Insert into HR.SENTENCIA (SENTENCIAID,PERSONAID,TIPO_SENTENCIA) values ('S003','P003','Arrestado');
Insert into HR.SENTENCIA (SENTENCIAID,PERSONAID,TIPO_SENTENCIA) values ('S004','P004','Arrestado');
Insert into HR.SENTENCIA (SENTENCIAID,PERSONAID,TIPO_SENTENCIA) values ('S005','P005','Libertad bajo fianza');
Insert into HR.SENTENCIA (SENTENCIAID,PERSONAID,TIPO_SENTENCIA) values ('S006','P006','Arrestado');
Insert into HR.SENTENCIA (SENTENCIAID,PERSONAID,TIPO_SENTENCIA) values ('S007','P007','Arrestado');
Insert into HR.SENTENCIA (SENTENCIAID,PERSONAID,TIPO_SENTENCIA) values ('S008','P008','Arrestado');
Insert into HR.SENTENCIA (SENTENCIAID,PERSONAID,TIPO_SENTENCIA) values ('S009','P009','Arrestado');
Insert into HR.SENTENCIA (SENTENCIAID,PERSONAID,TIPO_SENTENCIA) values ('S010','P010','Arrestado');
Insert into HR.SENTENCIA (SENTENCIAID,PERSONAID,TIPO_SENTENCIA) values ('S011','P011','Arrestado');
Insert into HR.SENTENCIA (SENTENCIAID,PERSONAID,TIPO_SENTENCIA) values ('S012','P012','Libertad condicional');
Insert into HR.SENTENCIA (SENTENCIAID,PERSONAID,TIPO_SENTENCIA) values ('S013','P013','Entregado');
Insert into HR.SENTENCIA (SENTENCIAID,PERSONAID,TIPO_SENTENCIA) values ('S014','P014','Fugitivo');
Insert into HR.SENTENCIA (SENTENCIAID,PERSONAID,TIPO_SENTENCIA) values ('S015','P015','Libertad bajo fianza');
Insert into HR.SENTENCIA (SENTENCIAID,PERSONAID,TIPO_SENTENCIA) values ('S016','P016','Declarado culpable');
Insert into HR.SENTENCIA (SENTENCIAID,PERSONAID,TIPO_SENTENCIA) values ('S017','P017','Declarado culpable');
Insert into HR.SENTENCIA (SENTENCIAID,PERSONAID,TIPO_SENTENCIA) values ('S018','P018','Declarado culpable');
Insert into HR.SENTENCIA (SENTENCIAID,PERSONAID,TIPO_SENTENCIA) values ('S019','P019','Declarado culpable');
Insert into HR.SENTENCIA (SENTENCIAID,PERSONAID,TIPO_SENTENCIA) values ('S020','P020','Entregado');
Insert into HR.SENTENCIA (SENTENCIAID,PERSONAID,TIPO_SENTENCIA) values ('S021','P021','Declarado culpable');
Insert into HR.SENTENCIA (SENTENCIAID,PERSONAID,TIPO_SENTENCIA) values ('S022','P022','Entregado');
Insert into HR.SENTENCIA (SENTENCIAID,PERSONAID,TIPO_SENTENCIA) values ('S023','P023','Arrestado');
Insert into HR.SENTENCIA (SENTENCIAID,PERSONAID,TIPO_SENTENCIA) values ('S024','P024','Arrestado');
Insert into HR.SENTENCIA (SENTENCIAID,PERSONAID,TIPO_SENTENCIA) values ('S025','P025','Entregado');
Insert into HR.SENTENCIA (SENTENCIAID,PERSONAID,TIPO_SENTENCIA) values ('S026','P026','Entregado');
Insert into HR.SENTENCIA (SENTENCIAID,PERSONAID,TIPO_SENTENCIA) values ('S027','P027','Orden de captura internacional');
Insert into HR.SENTENCIA (SENTENCIAID,PERSONAID,TIPO_SENTENCIA) values ('S028','P028','Orden de captura internacional');
Insert into HR.SENTENCIA (SENTENCIAID,PERSONAID,TIPO_SENTENCIA) values ('S029','P029','Orden de captura internacional');
Insert into HR.SENTENCIA (SENTENCIAID,PERSONAID,TIPO_SENTENCIA) values ('S030','P030','En Estados Unidos aguardando juicio');
Insert into HR.SENTENCIA (SENTENCIAID,PERSONAID,TIPO_SENTENCIA) values ('S031','P031','Orden de captura internacional');
Insert into HR.SENTENCIA (SENTENCIAID,PERSONAID,TIPO_SENTENCIA) values ('S032','P032','Orden de captura internacional');
Insert into HR.SENTENCIA (SENTENCIAID,PERSONAID,TIPO_SENTENCIA) values ('S033','P033','Orden de captura internacional');
Insert into HR.SENTENCIA (SENTENCIAID,PERSONAID,TIPO_SENTENCIA) values ('S034','P034','Orden de captura internacional');
Insert into HR.SENTENCIA (SENTENCIAID,PERSONAID,TIPO_SENTENCIA) values ('S035','P035','Capturado');
Insert into HR.SENTENCIA (SENTENCIAID,PERSONAID,TIPO_SENTENCIA) values ('S036','P036','Orden de captura internacional');
--------------------------------------------------------
--  DDL for Index CAMBIOALTCARG_PK
--------------------------------------------------------

  CREATE UNIQUE INDEX "HR"."CAMBIOALTCARG_PK" ON "HR"."CAMBIOS_ALTOS_CARGOS" ("CAMBIOS_ALTOSCARGOSID") 
  PCTFREE 10 INITRANS 2 MAXTRANS 255 COMPUTE STATISTICS 
  STORAGE(INITIAL 65536 NEXT 1048576 MINEXTENTS 1 MAXEXTENTS 2147483645
  PCTINCREASE 0 FREELISTS 1 FREELIST GROUPS 1 BUFFER_POOL DEFAULT FLASH_CACHE DEFAULT CELL_FLASH_CACHE DEFAULT)
  TABLESPACE "USERS" ;
--------------------------------------------------------
--  DDL for Index CAPINTER_PK
--------------------------------------------------------

  CREATE UNIQUE INDEX "HR"."CAPINTER_PK" ON "HR"."CAPTURA_INTERNACIONAL" ("CAPTURA_INTERNACIONALID") 
  PCTFREE 10 INITRANS 2 MAXTRANS 255 COMPUTE STATISTICS 
  STORAGE(INITIAL 65536 NEXT 1048576 MINEXTENTS 1 MAXEXTENTS 2147483645
  PCTINCREASE 0 FREELISTS 1 FREELIST GROUPS 1 BUFFER_POOL DEFAULT FLASH_CACHE DEFAULT CELL_FLASH_CACHE DEFAULT)
  TABLESPACE "USERS" ;
--------------------------------------------------------
--  DDL for Index SYS_C007698
--------------------------------------------------------

  CREATE UNIQUE INDEX "HR"."SYS_C007698" ON "HR"."PERSONAS" ("PERSONASID") 
  PCTFREE 10 INITRANS 2 MAXTRANS 255 COMPUTE STATISTICS 
  STORAGE(INITIAL 65536 NEXT 1048576 MINEXTENTS 1 MAXEXTENTS 2147483645
  PCTINCREASE 0 FREELISTS 1 FREELIST GROUPS 1 BUFFER_POOL DEFAULT FLASH_CACHE DEFAULT CELL_FLASH_CACHE DEFAULT)
  TABLESPACE "USERS" ;
--------------------------------------------------------
--  DDL for Index PERINV_PK
--------------------------------------------------------

  CREATE UNIQUE INDEX "HR"."PERINV_PK" ON "HR"."PERSONAS_ARRESTADAS" ("PERSONAS_ARRESTADASID") 
  PCTFREE 10 INITRANS 2 MAXTRANS 255 COMPUTE STATISTICS 
  STORAGE(INITIAL 65536 NEXT 1048576 MINEXTENTS 1 MAXEXTENTS 2147483645
  PCTINCREASE 0 FREELISTS 1 FREELIST GROUPS 1 BUFFER_POOL DEFAULT FLASH_CACHE DEFAULT CELL_FLASH_CACHE DEFAULT)
  TABLESPACE "USERS" ;
--------------------------------------------------------
--  DDL for Index PERSUSP_PK
--------------------------------------------------------

  CREATE UNIQUE INDEX "HR"."PERSUSP_PK" ON "HR"."PERSONAS_SUSPENDIDAS" ("PERSONAS_SUSPENDIDASID") 
  PCTFREE 10 INITRANS 2 MAXTRANS 255 COMPUTE STATISTICS 
  STORAGE(INITIAL 65536 NEXT 1048576 MINEXTENTS 1 MAXEXTENTS 2147483645
  PCTINCREASE 0 FREELISTS 1 FREELIST GROUPS 1 BUFFER_POOL DEFAULT FLASH_CACHE DEFAULT CELL_FLASH_CACHE DEFAULT)
  TABLESPACE "USERS" ;
--------------------------------------------------------
--  DDL for Index SENTENCIA_PK
--------------------------------------------------------

  CREATE UNIQUE INDEX "HR"."SENTENCIA_PK" ON "HR"."SENTENCIA" ("SENTENCIAID") 
  PCTFREE 10 INITRANS 2 MAXTRANS 255 COMPUTE STATISTICS 
  STORAGE(INITIAL 65536 NEXT 1048576 MINEXTENTS 1 MAXEXTENTS 2147483645
  PCTINCREASE 0 FREELISTS 1 FREELIST GROUPS 1 BUFFER_POOL DEFAULT FLASH_CACHE DEFAULT CELL_FLASH_CACHE DEFAULT)
  TABLESPACE "USERS" ;
--------------------------------------------------------
--  Constraints for Table CAMBIOS_ALTOS_CARGOS
--------------------------------------------------------

  ALTER TABLE "HR"."CAMBIOS_ALTOS_CARGOS" ADD CONSTRAINT "CAMBIOALTCARG_PK" PRIMARY KEY ("CAMBIOS_ALTOSCARGOSID")
  USING INDEX PCTFREE 10 INITRANS 2 MAXTRANS 255 COMPUTE STATISTICS 
  STORAGE(INITIAL 65536 NEXT 1048576 MINEXTENTS 1 MAXEXTENTS 2147483645
  PCTINCREASE 0 FREELISTS 1 FREELIST GROUPS 1 BUFFER_POOL DEFAULT FLASH_CACHE DEFAULT CELL_FLASH_CACHE DEFAULT)
  TABLESPACE "USERS"  ENABLE;
  ALTER TABLE "HR"."CAMBIOS_ALTOS_CARGOS" MODIFY ("FUNCIONARIO_ENTRANTE" NOT NULL ENABLE);
  ALTER TABLE "HR"."CAMBIOS_ALTOS_CARGOS" MODIFY ("FUNCIONARIO_SALIENTE" NOT NULL ENABLE);
  ALTER TABLE "HR"."CAMBIOS_ALTOS_CARGOS" MODIFY ("CAMBIOS_ALTOSCARGOSID" NOT NULL ENABLE);
--------------------------------------------------------
--  Constraints for Table CAPTURA_INTERNACIONAL
--------------------------------------------------------

  ALTER TABLE "HR"."CAPTURA_INTERNACIONAL" ADD CONSTRAINT "CAPINTER_PK" PRIMARY KEY ("CAPTURA_INTERNACIONALID")
  USING INDEX PCTFREE 10 INITRANS 2 MAXTRANS 255 COMPUTE STATISTICS 
  STORAGE(INITIAL 65536 NEXT 1048576 MINEXTENTS 1 MAXEXTENTS 2147483645
  PCTINCREASE 0 FREELISTS 1 FREELIST GROUPS 1 BUFFER_POOL DEFAULT FLASH_CACHE DEFAULT CELL_FLASH_CACHE DEFAULT)
  TABLESPACE "USERS"  ENABLE;
  ALTER TABLE "HR"."CAPTURA_INTERNACIONAL" MODIFY ("SENTENCIAID" NOT NULL ENABLE);
  ALTER TABLE "HR"."CAPTURA_INTERNACIONAL" MODIFY ("PERSONAID" NOT NULL ENABLE);
  ALTER TABLE "HR"."CAPTURA_INTERNACIONAL" MODIFY ("CAPTURA_INTERNACIONALID" NOT NULL ENABLE);
--------------------------------------------------------
--  Constraints for Table PERSONAS
--------------------------------------------------------

  ALTER TABLE "HR"."PERSONAS" ADD PRIMARY KEY ("PERSONASID")
  USING INDEX PCTFREE 10 INITRANS 2 MAXTRANS 255 COMPUTE STATISTICS 
  STORAGE(INITIAL 65536 NEXT 1048576 MINEXTENTS 1 MAXEXTENTS 2147483645
  PCTINCREASE 0 FREELISTS 1 FREELIST GROUPS 1 BUFFER_POOL DEFAULT FLASH_CACHE DEFAULT CELL_FLASH_CACHE DEFAULT)
  TABLESPACE "USERS"  ENABLE;
  ALTER TABLE "HR"."PERSONAS" MODIFY ("NACIONALIDAD" NOT NULL ENABLE);
  ALTER TABLE "HR"."PERSONAS" MODIFY ("APELLIDO" NOT NULL ENABLE);
  ALTER TABLE "HR"."PERSONAS" MODIFY ("NOMBRE" NOT NULL ENABLE);
  ALTER TABLE "HR"."PERSONAS" MODIFY ("PERSONASID" NOT NULL ENABLE);
--------------------------------------------------------
--  Constraints for Table PERSONAS_ARRESTADAS
--------------------------------------------------------

  ALTER TABLE "HR"."PERSONAS_ARRESTADAS" ADD CONSTRAINT "PERINV_PK" PRIMARY KEY ("PERSONAS_ARRESTADASID")
  USING INDEX PCTFREE 10 INITRANS 2 MAXTRANS 255 COMPUTE STATISTICS 
  STORAGE(INITIAL 65536 NEXT 1048576 MINEXTENTS 1 MAXEXTENTS 2147483645
  PCTINCREASE 0 FREELISTS 1 FREELIST GROUPS 1 BUFFER_POOL DEFAULT FLASH_CACHE DEFAULT CELL_FLASH_CACHE DEFAULT)
  TABLESPACE "USERS"  ENABLE;
  ALTER TABLE "HR"."PERSONAS_ARRESTADAS" MODIFY ("SENTENCIAID" NOT NULL ENABLE);
  ALTER TABLE "HR"."PERSONAS_ARRESTADAS" MODIFY ("PERSONAID" NOT NULL ENABLE);
  ALTER TABLE "HR"."PERSONAS_ARRESTADAS" MODIFY ("PERSONAS_ARRESTADASID" NOT NULL ENABLE);
--------------------------------------------------------
--  Constraints for Table PERSONAS_SUSPENDIDAS
--------------------------------------------------------

  ALTER TABLE "HR"."PERSONAS_SUSPENDIDAS" ADD CONSTRAINT "PERSUSP_PK" PRIMARY KEY ("PERSONAS_SUSPENDIDASID")
  USING INDEX PCTFREE 10 INITRANS 2 MAXTRANS 255 COMPUTE STATISTICS 
  STORAGE(INITIAL 65536 NEXT 1048576 MINEXTENTS 1 MAXEXTENTS 2147483645
  PCTINCREASE 0 FREELISTS 1 FREELIST GROUPS 1 BUFFER_POOL DEFAULT FLASH_CACHE DEFAULT CELL_FLASH_CACHE DEFAULT)
  TABLESPACE "USERS"  ENABLE;
  ALTER TABLE "HR"."PERSONAS_SUSPENDIDAS" MODIFY ("PERSONAID" NOT NULL ENABLE);
  ALTER TABLE "HR"."PERSONAS_SUSPENDIDAS" MODIFY ("PERSONAS_SUSPENDIDASID" NOT NULL ENABLE);
--------------------------------------------------------
--  Constraints for Table SENTENCIA
--------------------------------------------------------

  ALTER TABLE "HR"."SENTENCIA" ADD CONSTRAINT "SENTENCIA_PK" PRIMARY KEY ("SENTENCIAID")
  USING INDEX PCTFREE 10 INITRANS 2 MAXTRANS 255 COMPUTE STATISTICS 
  STORAGE(INITIAL 65536 NEXT 1048576 MINEXTENTS 1 MAXEXTENTS 2147483645
  PCTINCREASE 0 FREELISTS 1 FREELIST GROUPS 1 BUFFER_POOL DEFAULT FLASH_CACHE DEFAULT CELL_FLASH_CACHE DEFAULT)
  TABLESPACE "USERS"  ENABLE;
  ALTER TABLE "HR"."SENTENCIA" MODIFY ("PERSONAID" NOT NULL ENABLE);
  ALTER TABLE "HR"."SENTENCIA" MODIFY ("SENTENCIAID" NOT NULL ENABLE);
